{"UserAgent":"MobileHub/1.0","Version":"1.0","CredentialsProvider":{"CognitoIdentity":{"Default":{"PoolId":"us-east-1:b723f4e5-5de2-4f5c-957d-bf7894e42082","Region":"us-east-1"}}},"IdentityManager":{"Default":{}},"CognitoUserPool":{"Default":{"PoolId":"us-east-1_Y0S1HSYNh","AppClientId":"lao3lfku21nnc8j96onbtise4","AppClientSecret":"bvmm02ulc3vj63ha15rfj4hqk5b43i8n12m0bdvq61ri0qunl7","Region":"us-east-1"}},"PinpointAnalytics":{"Default":{"AppId":"ceff7e3cdb894559bb5cbd1ec72b95fa","Region":"us-east-1"}},"PinpointTargeting":{"Default":{"Region":"us-east-1"}}}